Iteration,Movie,Rating,Timestamp
1,Tom and Huck (1995),3,2024-12-28T20:45:50.438664
2,Babe (1995),2,2024-12-28T20:45:50.438872
3,"Usual Suspects, The (1995)",2,2024-12-28T20:45:50.438998
4,Assassins (1995),2,2024-12-28T20:45:50.439106
5,When Night Is Falling (1995),4,2024-12-28T20:45:50.439208
6,Sudden Death (1995),3,2024-12-28T20:45:50.439305
7,Shanghai Triad (Yao a yao yao dao waipo qiao) (1995),2,2024-12-28T20:45:50.439404
8,It Takes Two (1995),4,2024-12-28T20:45:50.439502
9,Twelve Monkeys (a.k.a. 12 Monkeys) (1995),3,2024-12-28T20:45:50.439593
10,Get Shorty (1995),3,2024-12-28T20:45:50.439682
11,Waiting to Exhale (1995),2,2024-12-28T20:45:50.439769
12,Money Train (1995),3,2024-12-28T20:45:50.439857
13,Across the Sea of Time (1995),3,2024-12-28T20:45:50.439944
14,Sabrina (1995),4,2024-12-28T20:45:50.440030
15,Seven (a.k.a. Se7en) (1995),3,2024-12-28T20:45:50.440116
16,Restoration (1995),4,2024-12-28T20:45:50.440201
17,How to Make an American Quilt (1995),3,2024-12-28T20:45:50.440306
18,To Die For (1995),2,2024-12-28T20:45:50.440412
19,Dangerous Minds (1995),2,2024-12-28T20:45:50.440515
20,Leaving Las Vegas (1995),2,2024-12-28T20:45:50.440621
21,Clueless (1995),3,2024-12-28T20:45:50.440712
22,Grumpier Old Men (1995),3,2024-12-28T20:45:50.440796
23,Balto (1995),3,2024-12-28T20:45:50.440881
24,Pocahontas (1995),4,2024-12-28T20:45:50.440980
25,Casino (1995),4,2024-12-28T20:45:50.441067
26,Toy Story (1995),4,2024-12-28T20:45:50.441155
27,Sense and Sensibility (1995),2,2024-12-28T20:45:50.441240
28,Ace Ventura: When Nature Calls (1995),3,2024-12-28T20:45:50.441323
29,Heat (1995),2,2024-12-28T20:45:50.441408
30,Cutthroat Island (1995),1,2024-12-28T20:45:50.441501
31,"American President, The (1995)",5,2024-12-28T20:45:50.441604
32,Carrington (1995),2,2024-12-28T20:45:50.441686
33,Richard III (1995),2,2024-12-28T20:45:50.441772
34,Mortal Kombat (1995),1,2024-12-28T20:45:50.441857
35,Dracula: Dead and Loving It (1995),1,2024-12-28T20:45:50.441943
36,Othello (1995),3,2024-12-28T20:45:50.442027
37,Four Rooms (1995),4,2024-12-28T20:45:50.442110
38,Nixon (1995),3,2024-12-28T20:45:50.442193
39,GoldenEye (1995),4,2024-12-28T20:45:50.442277
40,Father of the Bride Part II (1995),5,2024-12-28T20:45:50.442360
41,Dead Presidents (1995),3,2024-12-28T20:45:50.442442
42,Powder (1995),3,2024-12-28T20:45:50.442517
43,Persuasion (1995),2,2024-12-28T20:45:50.442588
44,Copycat (1995),4,2024-12-28T20:45:50.442659
45,Dead Man Walking (1995),3,2024-12-28T20:45:50.442730
46,Wings of Courage (1995),3,2024-12-28T20:45:50.442803
47,Jumanji (1995),2,2024-12-28T20:45:50.442875
48,"City of Lost Children, The (Cité des enfants perdus, La) (1995)",3,2024-12-28T20:45:50.442946
49,"Cry, the Beloved Country (1995)",2,2024-12-28T20:45:50.443017
50,Now and Then (1995),4,2024-12-28T20:45:50.443087
51,Sabrina (1995),5,2024-12-28T20:45:50.443310
52,"Cry, the Beloved Country (1995)",2,2024-12-28T20:45:50.443399
53,Casino (1995),3,2024-12-28T20:45:50.443484
54,To Die For (1995),3,2024-12-28T20:45:50.443568
55,How to Make an American Quilt (1995),4,2024-12-28T20:45:50.443648
56,Now and Then (1995),3,2024-12-28T20:45:50.443728
57,Father of the Bride Part II (1995),4,2024-12-28T20:45:50.443809
58,Dead Presidents (1995),3,2024-12-28T20:45:50.443888
59,"American President, The (1995)",5,2024-12-28T20:45:50.443968
60,It Takes Two (1995),4,2024-12-28T20:45:50.444054
61,Pocahontas (1995),4,2024-12-28T20:45:50.444135
62,"American President, The (1995)",4,2024-12-28T20:45:50.444314
63,Leaving Las Vegas (1995),2,2024-12-28T20:45:50.444405
64,It Takes Two (1995),4,2024-12-28T20:45:50.444488
65,Tom and Huck (1995),2,2024-12-28T20:45:50.444568
66,"Usual Suspects, The (1995)",2,2024-12-28T20:45:50.444653
67,Dangerous Minds (1995),2,2024-12-28T20:45:50.444735
68,When Night Is Falling (1995),3,2024-12-28T20:45:50.444817
69,Copycat (1995),3,2024-12-28T20:45:50.444899
70,Seven (a.k.a. Se7en) (1995),2,2024-12-28T20:45:50.444980
71,Restoration (1995),5,2024-12-28T20:45:50.445061
72,"American President, The (1995)",4,2024-12-28T20:45:50.445153
73,Father of the Bride Part II (1995),5,2024-12-28T20:45:50.445234
74,Pocahontas (1995),3,2024-12-28T20:45:50.445314
75,Copycat (1995),3,2024-12-28T20:45:50.445395
76,Father of the Bride Part II (1995),4,2024-12-28T20:45:50.445481
77,Sabrina (1995),4,2024-12-28T20:45:50.445560
78,Twelve Monkeys (a.k.a. 12 Monkeys) (1995),3,2024-12-28T20:45:50.445644
79,Father of the Bride Part II (1995),4,2024-12-28T20:45:50.445724
80,GoldenEye (1995),4,2024-12-28T20:45:50.445805
81,Assassins (1995),3,2024-12-28T20:45:50.445885
82,Casino (1995),4,2024-12-28T20:45:50.445964
83,"American President, The (1995)",4,2024-12-28T20:45:50.446043
84,Father of the Bride Part II (1995),4,2024-12-28T20:45:50.446122
85,Restoration (1995),5,2024-12-28T20:45:50.446201
86,Sabrina (1995),4,2024-12-28T20:45:50.446281
87,Shanghai Triad (Yao a yao yao dao waipo qiao) (1995),3,2024-12-28T20:45:50.446359
88,Casino (1995),4,2024-12-28T20:45:50.446439
89,Nixon (1995),3,2024-12-28T20:45:50.446517
90,Powder (1995),3,2024-12-28T20:45:50.446596
91,Sabrina (1995),4,2024-12-28T20:45:50.446675
92,Dead Man Walking (1995),3,2024-12-28T20:45:50.446754
93,It Takes Two (1995),4,2024-12-28T20:45:50.446832
94,"American President, The (1995)",5,2024-12-28T20:45:50.446913
95,Across the Sea of Time (1995),3,2024-12-28T20:45:50.446997
96,Wings of Courage (1995),3,2024-12-28T20:45:50.447077
97,Heat (1995),1,2024-12-28T20:45:50.447157
98,Toy Story (1995),3,2024-12-28T20:45:50.447238
99,Sense and Sensibility (1995),3,2024-12-28T20:45:50.447318
100,"American President, The (1995)",4,2024-12-28T20:45:50.447397
101,Now and Then (1995),4,2024-12-28T20:45:50.447477
102,Richard III (1995),1,2024-12-28T20:45:50.447556
103,Pocahontas (1995),3,2024-12-28T20:45:50.447636
104,"American President, The (1995)",4,2024-12-28T20:45:50.447715
105,Pocahontas (1995),4,2024-12-28T20:45:50.447794
106,"American President, The (1995)",4,2024-12-28T20:45:50.447874
107,Restoration (1995),5,2024-12-28T20:45:50.447954
108,Balto (1995),4,2024-12-28T20:45:50.448034
109,Sudden Death (1995),3,2024-12-28T20:45:50.448115
110,Restoration (1995),4,2024-12-28T20:45:50.448196
111,"American President, The (1995)",5,2024-12-28T20:45:50.448276
112,Assassins (1995),3,2024-12-28T20:45:50.448355
113,Jumanji (1995),2,2024-12-28T20:45:50.448427
114,Father of the Bride Part II (1995),4,2024-12-28T20:45:50.448496
115,Sabrina (1995),4,2024-12-28T20:45:50.448564
116,Father of the Bride Part II (1995),5,2024-12-28T20:45:50.448634
117,Sabrina (1995),4,2024-12-28T20:45:50.448702
118,Grumpier Old Men (1995),4,2024-12-28T20:45:50.448770
119,It Takes Two (1995),4,2024-12-28T20:45:50.448840
120,"American President, The (1995)",4,2024-12-28T20:45:50.448908
121,Persuasion (1995),2,2024-12-28T20:45:50.448976
122,Clueless (1995),3,2024-12-28T20:45:50.449050
123,Grumpier Old Men (1995),4,2024-12-28T20:45:50.449120
124,Money Train (1995),3,2024-12-28T20:45:50.449189
125,Restoration (1995),4,2024-12-28T20:45:50.449257
126,Father of the Bride Part II (1995),4,2024-12-28T20:45:50.449326
127,Father of the Bride Part II (1995),5,2024-12-28T20:45:50.449395
128,"Cry, the Beloved Country (1995)",2,2024-12-28T20:45:50.449464
129,"City of Lost Children, The (Cité des enfants perdus, La) (1995)",3,2024-12-28T20:45:50.449533
130,Four Rooms (1995),3,2024-12-28T20:45:50.449604
131,Balto (1995),4,2024-12-28T20:45:50.449673
132,Grumpier Old Men (1995),4,2024-12-28T20:45:50.449741
133,GoldenEye (1995),5,2024-12-28T20:45:50.449809
134,Toy Story (1995),3,2024-12-28T20:45:50.449878
135,Restoration (1995),4,2024-12-28T20:45:50.449947
136,Wings of Courage (1995),3,2024-12-28T20:45:50.450016
137,Persuasion (1995),2,2024-12-28T20:45:50.450084
138,Pocahontas (1995),4,2024-12-28T20:45:50.450152
139,"City of Lost Children, The (Cité des enfants perdus, La) (1995)",3,2024-12-28T20:45:50.450220
140,"American President, The (1995)",4,2024-12-28T20:45:50.450289
141,Dracula: Dead and Loving It (1995),2,2024-12-28T20:45:50.450358
142,Father of the Bride Part II (1995),4,2024-12-28T20:45:50.450426
143,When Night Is Falling (1995),4,2024-12-28T20:45:50.450496
144,GoldenEye (1995),5,2024-12-28T20:45:50.450565
145,Now and Then (1995),3,2024-12-28T20:45:50.450636
146,Toy Story (1995),4,2024-12-28T20:45:50.450705
147,Clueless (1995),3,2024-12-28T20:45:50.450774
148,Get Shorty (1995),2,2024-12-28T20:45:50.450842
149,How to Make an American Quilt (1995),3,2024-12-28T20:45:50.450911
150,GoldenEye (1995),3,2024-12-28T20:45:50.450987
151,Restoration (1995),5,2024-12-28T20:45:50.451056
152,Tom and Huck (1995),3,2024-12-28T20:45:50.451124
153,Restoration (1995),4,2024-12-28T20:45:50.451193
154,GoldenEye (1995),4,2024-12-28T20:45:50.451261
155,Restoration (1995),5,2024-12-28T20:45:50.451328
156,Sabrina (1995),4,2024-12-28T20:45:50.451396
157,Twelve Monkeys (a.k.a. 12 Monkeys) (1995),2,2024-12-28T20:45:50.451464
158,Restoration (1995),5,2024-12-28T20:45:50.451532
159,When Night Is Falling (1995),3,2024-12-28T20:45:50.451600
160,Shanghai Triad (Yao a yao yao dao waipo qiao) (1995),3,2024-12-28T20:45:50.451668
161,Father of the Bride Part II (1995),4,2024-12-28T20:45:50.451737
162,GoldenEye (1995),4,2024-12-28T20:45:50.451806
163,It Takes Two (1995),5,2024-12-28T20:45:50.451874
164,How to Make an American Quilt (1995),3,2024-12-28T20:45:50.451942
165,How to Make an American Quilt (1995),3,2024-12-28T20:45:50.452009
166,Now and Then (1995),4,2024-12-28T20:45:50.452078
167,Pocahontas (1995),4,2024-12-28T20:45:50.452146
168,Balto (1995),3,2024-12-28T20:45:50.452218
169,Restoration (1995),5,2024-12-28T20:45:50.452287
170,Balto (1995),3,2024-12-28T20:45:50.452354
171,Restoration (1995),5,2024-12-28T20:45:50.452423
172,Restoration (1995),5,2024-12-28T20:45:50.452491
173,Restoration (1995),4,2024-12-28T20:45:50.452824
174,To Die For (1995),2,2024-12-28T20:45:50.453136
175,Nixon (1995),3,2024-12-28T20:45:50.453242
176,Restoration (1995),5,2024-12-28T20:45:50.453328
177,Across the Sea of Time (1995),2,2024-12-28T20:45:50.453436
178,"American President, The (1995)",4,2024-12-28T20:45:50.453514
179,GoldenEye (1995),4,2024-12-28T20:45:50.453590
180,Restoration (1995),5,2024-12-28T20:45:50.453664
181,Four Rooms (1995),4,2024-12-28T20:45:50.453738
182,Restoration (1995),4,2024-12-28T20:45:50.453811
183,Restoration (1995),4,2024-12-28T20:45:50.453881
184,Restoration (1995),5,2024-12-28T20:45:50.453952
185,It Takes Two (1995),4,2024-12-28T20:45:50.454023
186,Waiting to Exhale (1995),3,2024-12-28T20:45:50.454095
187,Nixon (1995),3,2024-12-28T20:45:50.454166
188,Ace Ventura: When Nature Calls (1995),2,2024-12-28T20:45:50.454236
189,Restoration (1995),4,2024-12-28T20:45:50.454306
190,Restoration (1995),4,2024-12-28T20:45:50.454378
191,Pocahontas (1995),3,2024-12-28T20:45:50.454451
192,Balto (1995),3,2024-12-28T20:45:50.454521
193,Get Shorty (1995),2,2024-12-28T20:45:50.454591
194,It Takes Two (1995),4,2024-12-28T20:45:50.454663
195,Grumpier Old Men (1995),4,2024-12-28T20:45:50.454735
196,Toy Story (1995),4,2024-12-28T20:45:50.454806
197,Dead Man Walking (1995),2,2024-12-28T20:45:50.454876
198,Toy Story (1995),3,2024-12-28T20:45:50.454947
199,Restoration (1995),4,2024-12-28T20:45:50.455017
200,Balto (1995),3,2024-12-28T20:45:50.455086
201,"American President, The (1995)",4,2024-12-28T20:45:50.455155
202,Assassins (1995),2,2024-12-28T20:45:50.455224
203,It Takes Two (1995),4,2024-12-28T20:45:50.455296
204,GoldenEye (1995),4,2024-12-28T20:45:50.455368
205,Restoration (1995),4,2024-12-28T20:45:50.455437
206,Copycat (1995),4,2024-12-28T20:45:50.455511
207,Father of the Bride Part II (1995),4,2024-12-28T20:45:50.455584
208,"American President, The (1995)",4,2024-12-28T20:45:50.455652
209,Father of the Bride Part II (1995),5,2024-12-28T20:45:50.455735
210,How to Make an American Quilt (1995),3,2024-12-28T20:45:50.455810
211,Restoration (1995),4,2024-12-28T20:45:50.455880
212,Father of the Bride Part II (1995),4,2024-12-28T20:45:50.455950
213,Father of the Bride Part II (1995),5,2024-12-28T20:45:50.456019
214,Now and Then (1995),4,2024-12-28T20:45:50.456108
215,Casino (1995),4,2024-12-28T20:45:50.456182
216,Sabrina (1995),3,2024-12-28T20:45:50.456250
217,Restoration (1995),4,2024-12-28T20:45:50.456313
218,Ace Ventura: When Nature Calls (1995),2,2024-12-28T20:45:50.456375
219,Restoration (1995),4,2024-12-28T20:45:50.456436
220,Father of the Bride Part II (1995),5,2024-12-28T20:45:50.456496
221,Restoration (1995),5,2024-12-28T20:45:50.456581
222,Father of the Bride Part II (1995),4,2024-12-28T20:45:50.456643
223,"American President, The (1995)",4,2024-12-28T20:45:50.456707
224,Restoration (1995),3,2024-12-28T20:45:50.456769
225,Sabrina (1995),4,2024-12-28T20:45:50.456830
226,Balto (1995),4,2024-12-28T20:45:50.456895
227,It Takes Two (1995),4,2024-12-28T20:45:50.456956
228,"City of Lost Children, The (Cité des enfants perdus, La) (1995)",2,2024-12-28T20:45:50.457017
229,Dead Man Walking (1995),2,2024-12-28T20:45:50.457078
230,Restoration (1995),4,2024-12-28T20:45:50.457139
231,Dead Presidents (1995),3,2024-12-28T20:45:50.457199
232,Babe (1995),2,2024-12-28T20:45:50.457261
233,Othello (1995),3,2024-12-28T20:45:50.457322
234,"American President, The (1995)",4,2024-12-28T20:45:50.457384
235,Pocahontas (1995),4,2024-12-28T20:45:50.457445
236,Clueless (1995),2,2024-12-28T20:45:50.457508
237,Dead Presidents (1995),2,2024-12-28T20:45:50.457572
238,When Night Is Falling (1995),4,2024-12-28T20:45:50.457632
239,When Night Is Falling (1995),4,2024-12-28T20:45:50.457693
240,GoldenEye (1995),4,2024-12-28T20:45:50.457755
241,Dead Presidents (1995),3,2024-12-28T20:45:50.457816
242,Casino (1995),4,2024-12-28T20:45:50.457878
243,Copycat (1995),4,2024-12-28T20:45:50.457939
244,Casino (1995),4,2024-12-28T20:45:50.458000
245,Nixon (1995),4,2024-12-28T20:45:50.458062
246,"American President, The (1995)",5,2024-12-28T20:45:50.458123
247,Four Rooms (1995),3,2024-12-28T20:45:50.458184
248,Nixon (1995),3,2024-12-28T20:45:50.458245
249,"American President, The (1995)",5,2024-12-28T20:45:50.458308
250,Father of the Bride Part II (1995),5,2024-12-28T20:45:50.458369
251,Restoration (1995),4,2024-12-28T20:45:50.458429
252,Grumpier Old Men (1995),4,2024-12-28T20:45:50.458489
253,Father of the Bride Part II (1995),5,2024-12-28T20:45:50.458550
254,Father of the Bride Part II (1995),5,2024-12-28T20:45:50.458611
255,It Takes Two (1995),4,2024-12-28T20:45:50.458672
256,Restoration (1995),4,2024-12-28T20:45:50.458732
257,"American President, The (1995)",4,2024-12-28T20:45:50.458793
258,Casino (1995),4,2024-12-28T20:45:50.458853
259,"American President, The (1995)",4,2024-12-28T20:45:50.458915
260,Grumpier Old Men (1995),3,2024-12-28T20:45:50.458986
261,It Takes Two (1995),5,2024-12-28T20:45:50.459050
262,Sense and Sensibility (1995),2,2024-12-28T20:45:50.459112
263,Father of the Bride Part II (1995),5,2024-12-28T20:45:50.459174
264,It Takes Two (1995),4,2024-12-28T20:45:50.459235
265,Sudden Death (1995),3,2024-12-28T20:45:50.459304
266,Casino (1995),3,2024-12-28T20:45:50.459365
267,Restoration (1995),4,2024-12-28T20:45:50.459426
268,Money Train (1995),2,2024-12-28T20:45:50.459487
269,GoldenEye (1995),4,2024-12-28T20:45:50.459547
270,Four Rooms (1995),3,2024-12-28T20:45:50.459608
271,Now and Then (1995),4,2024-12-28T20:45:50.459669
272,It Takes Two (1995),5,2024-12-28T20:45:50.459730
273,It Takes Two (1995),5,2024-12-28T20:45:50.459789
274,"Usual Suspects, The (1995)",2,2024-12-28T20:45:50.459850
275,Father of the Bride Part II (1995),5,2024-12-28T20:45:50.459911
276,Father of the Bride Part II (1995),5,2024-12-28T20:45:50.459972
277,Waiting to Exhale (1995),2,2024-12-28T20:45:50.460032
278,Ace Ventura: When Nature Calls (1995),2,2024-12-28T20:45:50.460093
279,Restoration (1995),4,2024-12-28T20:45:50.460153
280,Jumanji (1995),3,2024-12-28T20:45:50.460214
281,Father of the Bride Part II (1995),5,2024-12-28T20:45:50.460273
282,Restoration (1995),5,2024-12-28T20:45:50.460334
283,Father of the Bride Part II (1995),5,2024-12-28T20:45:50.460395
284,It Takes Two (1995),4,2024-12-28T20:45:50.460455
285,Now and Then (1995),4,2024-12-28T20:45:50.460515
286,Father of the Bride Part II (1995),5,2024-12-28T20:45:50.460577
287,Balto (1995),3,2024-12-28T20:45:50.460639
288,Father of the Bride Part II (1995),4,2024-12-28T20:45:50.460699
289,Father of the Bride Part II (1995),5,2024-12-28T20:45:50.460760
290,Father of the Bride Part II (1995),5,2024-12-28T20:45:50.460825
291,Across the Sea of Time (1995),4,2024-12-28T20:45:50.460887
292,Father of the Bride Part II (1995),4,2024-12-28T20:45:50.460947
293,Restoration (1995),5,2024-12-28T20:45:50.461007
294,Restoration (1995),4,2024-12-28T20:45:50.461072
295,When Night Is Falling (1995),4,2024-12-28T20:45:50.461134
296,Copycat (1995),4,2024-12-28T20:45:50.461197
297,Toy Story (1995),4,2024-12-28T20:45:50.461259
298,Father of the Bride Part II (1995),4,2024-12-28T20:45:50.461338
299,Money Train (1995),3,2024-12-28T20:45:50.461399
300,Sudden Death (1995),2,2024-12-28T20:45:50.461474
301,It Takes Two (1995),5,2024-12-28T20:45:50.461535
302,It Takes Two (1995),5,2024-12-28T20:45:50.461595
303,Nixon (1995),3,2024-12-28T20:45:50.461656
304,Restoration (1995),4,2024-12-28T20:45:50.461717
305,Father of the Bride Part II (1995),4,2024-12-28T20:45:50.461793
306,Sabrina (1995),4,2024-12-28T20:45:50.461853
307,Carrington (1995),2,2024-12-28T20:45:50.461913
308,Father of the Bride Part II (1995),4,2024-12-28T20:45:50.461974
309,Father of the Bride Part II (1995),5,2024-12-28T20:45:50.462034
310,To Die For (1995),3,2024-12-28T20:45:50.462097
311,Pocahontas (1995),3,2024-12-28T20:45:50.462158
312,Restoration (1995),4,2024-12-28T20:45:50.462218
313,Father of the Bride Part II (1995),5,2024-12-28T20:45:50.462278
314,Father of the Bride Part II (1995),5,2024-12-28T20:45:50.462338
315,Father of the Bride Part II (1995),4,2024-12-28T20:45:50.462399
316,Father of the Bride Part II (1995),4,2024-12-28T20:45:50.462473
317,GoldenEye (1995),4,2024-12-28T20:45:50.462536
318,It Takes Two (1995),5,2024-12-28T20:45:50.462753
319,Father of the Bride Part II (1995),5,2024-12-28T20:45:50.462880
320,Father of the Bride Part II (1995),5,2024-12-28T20:45:50.462963
321,Powder (1995),3,2024-12-28T20:45:50.463036
322,Powder (1995),3,2024-12-28T20:45:50.463105
323,Father of the Bride Part II (1995),4,2024-12-28T20:45:50.463171
324,Father of the Bride Part II (1995),5,2024-12-28T20:45:50.463235
325,"American President, The (1995)",4,2024-12-28T20:45:50.463302
326,Father of the Bride Part II (1995),4,2024-12-28T20:45:50.463366
327,GoldenEye (1995),4,2024-12-28T20:45:50.463429
328,Father of the Bride Part II (1995),5,2024-12-28T20:45:50.463493
329,It Takes Two (1995),4,2024-12-28T20:45:50.463556
330,Father of the Bride Part II (1995),5,2024-12-28T20:45:50.463619
331,When Night Is Falling (1995),4,2024-12-28T20:45:50.463682
332,Clueless (1995),2,2024-12-28T20:45:50.463744
333,Father of the Bride Part II (1995),5,2024-12-28T20:45:50.463806
334,Now and Then (1995),3,2024-12-28T20:45:50.463868
335,"American President, The (1995)",4,2024-12-28T20:45:50.463930
336,Father of the Bride Part II (1995),5,2024-12-28T20:45:50.463993
337,Copycat (1995),3,2024-12-28T20:45:50.464059
338,It Takes Two (1995),4,2024-12-28T20:45:50.464121
339,Assassins (1995),2,2024-12-28T20:45:50.464181
340,It Takes Two (1995),5,2024-12-28T20:45:50.464237
341,Restoration (1995),4,2024-12-28T20:45:50.464292
342,Sabrina (1995),3,2024-12-28T20:45:50.464360
343,To Die For (1995),3,2024-12-28T20:45:50.464420
344,It Takes Two (1995),5,2024-12-28T20:45:50.464476
345,It Takes Two (1995),5,2024-12-28T20:45:50.464536
346,Father of the Bride Part II (1995),5,2024-12-28T20:45:50.464595
347,Father of the Bride Part II (1995),5,2024-12-28T20:45:50.464651
348,Restoration (1995),5,2024-12-28T20:45:50.464710
349,It Takes Two (1995),5,2024-12-28T20:45:50.464767
350,Restoration (1995),4,2024-12-28T20:45:50.464822
351,Father of the Bride Part II (1995),4,2024-12-28T20:45:50.464877
352,It Takes Two (1995),4,2024-12-28T20:45:50.464932
353,Toy Story (1995),3,2024-12-28T20:45:50.464990
354,It Takes Two (1995),5,2024-12-28T20:45:50.465049
355,GoldenEye (1995),5,2024-12-28T20:45:50.465104
356,Father of the Bride Part II (1995),5,2024-12-28T20:45:50.465158
357,Father of the Bride Part II (1995),4,2024-12-28T20:45:50.465213
358,GoldenEye (1995),5,2024-12-28T20:45:50.465276
359,Sabrina (1995),4,2024-12-28T20:45:50.465333
360,Father of the Bride Part II (1995),5,2024-12-28T20:45:50.465389
361,Grumpier Old Men (1995),3,2024-12-28T20:45:50.465444
362,It Takes Two (1995),5,2024-12-28T20:45:50.465499
363,Father of the Bride Part II (1995),5,2024-12-28T20:45:50.465554
364,"American President, The (1995)",4,2024-12-28T20:45:50.465608
365,It Takes Two (1995),5,2024-12-28T20:45:50.465665
366,It Takes Two (1995),5,2024-12-28T20:45:50.465720
367,Twelve Monkeys (a.k.a. 12 Monkeys) (1995),3,2024-12-28T20:45:50.465777
368,Father of the Bride Part II (1995),5,2024-12-28T20:45:50.465831
369,It Takes Two (1995),5,2024-12-28T20:45:50.465886
370,It Takes Two (1995),5,2024-12-28T20:45:50.465940
371,Father of the Bride Part II (1995),4,2024-12-28T20:45:50.465994
372,Father of the Bride Part II (1995),4,2024-12-28T20:45:50.466048
373,"American President, The (1995)",5,2024-12-28T20:45:50.466103
374,It Takes Two (1995),5,2024-12-28T20:45:50.466159
375,Father of the Bride Part II (1995),5,2024-12-28T20:45:50.466215
376,GoldenEye (1995),4,2024-12-28T20:45:50.466399
377,Leaving Las Vegas (1995),3,2024-12-28T20:45:50.466465
378,Restoration (1995),4,2024-12-28T20:45:50.466527
379,GoldenEye (1995),4,2024-12-28T20:45:50.466584
380,Casino (1995),4,2024-12-28T20:45:50.466643
381,Father of the Bride Part II (1995),4,2024-12-28T20:45:50.466703
382,Father of the Bride Part II (1995),5,2024-12-28T20:45:50.466760
383,Wings of Courage (1995),3,2024-12-28T20:45:50.466830
384,Nixon (1995),3,2024-12-28T20:45:50.466889
385,GoldenEye (1995),4,2024-12-28T20:45:50.466945
386,Restoration (1995),4,2024-12-28T20:45:50.467000
387,Father of the Bride Part II (1995),4,2024-12-28T20:45:50.467055
388,It Takes Two (1995),5,2024-12-28T20:45:50.467110
389,Father of the Bride Part II (1995),5,2024-12-28T20:45:50.467166
390,Casino (1995),4,2024-12-28T20:45:50.467221
391,Father of the Bride Part II (1995),5,2024-12-28T20:45:50.467276
392,It Takes Two (1995),4,2024-12-28T20:45:50.467330
393,Sabrina (1995),4,2024-12-28T20:45:50.467389
394,Father of the Bride Part II (1995),4,2024-12-28T20:45:50.467444
395,"American President, The (1995)",4,2024-12-28T20:45:50.467500
396,Father of the Bride Part II (1995),5,2024-12-28T20:45:50.467554
397,Father of the Bride Part II (1995),5,2024-12-28T20:45:50.467608
398,Father of the Bride Part II (1995),5,2024-12-28T20:45:50.467666
399,Copycat (1995),4,2024-12-28T20:45:50.467727
400,It Takes Two (1995),4,2024-12-28T20:45:50.467781
401,Powder (1995),4,2024-12-28T20:45:50.467836
402,It Takes Two (1995),4,2024-12-28T20:45:50.467891
403,It Takes Two (1995),5,2024-12-28T20:45:50.467946
404,It Takes Two (1995),5,2024-12-28T20:45:50.468837
405,Father of the Bride Part II (1995),5,2024-12-28T20:45:50.468904
406,Now and Then (1995),4,2024-12-28T20:45:50.468964
407,Father of the Bride Part II (1995),4,2024-12-28T20:45:50.469021
408,Restoration (1995),4,2024-12-28T20:45:50.469076
409,GoldenEye (1995),4,2024-12-28T20:45:50.469140
410,Babe (1995),1,2024-12-28T20:45:50.469196
411,Father of the Bride Part II (1995),4,2024-12-28T20:45:50.469251
412,Father of the Bride Part II (1995),5,2024-12-28T20:45:50.469306
413,Father of the Bride Part II (1995),4,2024-12-28T20:45:50.469362
414,It Takes Two (1995),4,2024-12-28T20:45:50.469417
415,Father of the Bride Part II (1995),4,2024-12-28T20:45:50.469473
416,"American President, The (1995)",5,2024-12-28T20:45:50.469527
417,It Takes Two (1995),4,2024-12-28T20:45:50.469583
418,Restoration (1995),4,2024-12-28T20:45:50.469637
419,Father of the Bride Part II (1995),5,2024-12-28T20:45:50.469692
420,Father of the Bride Part II (1995),4,2024-12-28T20:45:50.469746
421,Restoration (1995),4,2024-12-28T20:45:50.469800
422,It Takes Two (1995),5,2024-12-28T20:45:50.469854
423,"American President, The (1995)",5,2024-12-28T20:45:50.469907
424,GoldenEye (1995),4,2024-12-28T20:45:50.469961
425,Father of the Bride Part II (1995),4,2024-12-28T20:45:50.470015
426,GoldenEye (1995),4,2024-12-28T20:45:50.470069
427,It Takes Two (1995),4,2024-12-28T20:45:50.470123
428,It Takes Two (1995),5,2024-12-28T20:45:50.470177
429,It Takes Two (1995),4,2024-12-28T20:45:50.470231
430,Father of the Bride Part II (1995),4,2024-12-28T20:45:50.470284
431,Dangerous Minds (1995),2,2024-12-28T20:45:50.470341
432,Now and Then (1995),4,2024-12-28T20:45:50.470394
433,Sudden Death (1995),3,2024-12-28T20:45:50.470448
434,Father of the Bride Part II (1995),4,2024-12-28T20:45:50.470502
435,It Takes Two (1995),5,2024-12-28T20:45:50.470556
436,When Night Is Falling (1995),4,2024-12-28T20:45:50.470609
437,Father of the Bride Part II (1995),5,2024-12-28T20:45:50.470664
438,Powder (1995),3,2024-12-28T20:45:50.470718
439,Restoration (1995),4,2024-12-28T20:45:50.470772
440,Father of the Bride Part II (1995),5,2024-12-28T20:45:50.470828
441,It Takes Two (1995),4,2024-12-28T20:45:50.470882
442,Father of the Bride Part II (1995),4,2024-12-28T20:45:50.470937
443,It Takes Two (1995),4,2024-12-28T20:45:50.470991
444,Copycat (1995),4,2024-12-28T20:45:50.471048
445,Across the Sea of Time (1995),3,2024-12-28T20:45:50.471104
446,Now and Then (1995),3,2024-12-28T20:45:50.471158
447,Sabrina (1995),4,2024-12-28T20:45:50.471212
448,"American President, The (1995)",4,2024-12-28T20:45:50.471266
449,Father of the Bride Part II (1995),4,2024-12-28T20:45:50.471321
450,"American President, The (1995)",4,2024-12-28T20:45:50.471375
451,It Takes Two (1995),4,2024-12-28T20:45:50.471429
452,Father of the Bride Part II (1995),5,2024-12-28T20:45:50.471483
453,Twelve Monkeys (a.k.a. 12 Monkeys) (1995),3,2024-12-28T20:45:50.471537
454,It Takes Two (1995),5,2024-12-28T20:45:50.471591
455,Father of the Bride Part II (1995),4,2024-12-28T20:45:50.471646
456,Father of the Bride Part II (1995),4,2024-12-28T20:45:50.471699
457,"American President, The (1995)",5,2024-12-28T20:45:50.471753
458,"American President, The (1995)",4,2024-12-28T20:45:50.471818
459,It Takes Two (1995),4,2024-12-28T20:45:50.471873
460,It Takes Two (1995),4,2024-12-28T20:45:50.471927
461,Restoration (1995),5,2024-12-28T20:45:50.471982
462,It Takes Two (1995),4,2024-12-28T20:45:50.472036
463,It Takes Two (1995),5,2024-12-28T20:45:50.472088
464,Father of the Bride Part II (1995),5,2024-12-28T20:45:50.472137
465,Mortal Kombat (1995),2,2024-12-28T20:45:50.472190
466,Father of the Bride Part II (1995),4,2024-12-28T20:45:50.472239
467,Get Shorty (1995),2,2024-12-28T20:45:50.472288
468,It Takes Two (1995),5,2024-12-28T20:45:50.472336
469,Father of the Bride Part II (1995),4,2024-12-28T20:45:50.472384
470,Father of the Bride Part II (1995),5,2024-12-28T20:45:50.472433
471,Father of the Bride Part II (1995),4,2024-12-28T20:45:50.472492
472,Restoration (1995),5,2024-12-28T20:45:50.472542
473,Copycat (1995),4,2024-12-28T20:45:50.472591
474,"City of Lost Children, The (Cité des enfants perdus, La) (1995)",2,2024-12-28T20:45:50.472642
475,Father of the Bride Part II (1995),5,2024-12-28T20:45:50.472692
476,It Takes Two (1995),5,2024-12-28T20:45:50.472740
477,Father of the Bride Part II (1995),4,2024-12-28T20:45:50.472788
478,Father of the Bride Part II (1995),5,2024-12-28T20:45:50.472837
479,Father of the Bride Part II (1995),5,2024-12-28T20:45:50.472886
480,Grumpier Old Men (1995),4,2024-12-28T20:45:50.472934
481,It Takes Two (1995),5,2024-12-28T20:45:50.472982
482,Restoration (1995),5,2024-12-28T20:45:50.473030
483,Casino (1995),3,2024-12-28T20:45:50.473079
484,Father of the Bride Part II (1995),5,2024-12-28T20:45:50.473127
485,Father of the Bride Part II (1995),4,2024-12-28T20:45:50.473176
486,"American President, The (1995)",4,2024-12-28T20:45:50.473225
487,It Takes Two (1995),5,2024-12-28T20:45:50.473273
488,Restoration (1995),5,2024-12-28T20:45:50.473321
489,It Takes Two (1995),5,2024-12-28T20:45:50.473370
490,Sudden Death (1995),3,2024-12-28T20:45:50.473419
491,It Takes Two (1995),4,2024-12-28T20:45:50.473470
492,Father of the Bride Part II (1995),5,2024-12-28T20:45:50.473519
493,Pocahontas (1995),4,2024-12-28T20:45:50.473570
494,Pocahontas (1995),4,2024-12-28T20:45:50.473619
495,Toy Story (1995),3,2024-12-28T20:45:50.473668
496,It Takes Two (1995),4,2024-12-28T20:45:50.473717
497,Father of the Bride Part II (1995),5,2024-12-28T20:45:50.473766
498,Casino (1995),4,2024-12-28T20:45:50.473815
499,Father of the Bride Part II (1995),4,2024-12-28T20:45:50.473863
500,GoldenEye (1995),4,2024-12-28T20:45:50.473912
501,Leaving Las Vegas (1995),3,2024-12-28T20:45:50.473960
502,When Night Is Falling (1995),4,2024-12-28T20:45:50.474009
503,It Takes Two (1995),5,2024-12-28T20:45:50.474058
504,Father of the Bride Part II (1995),5,2024-12-28T20:45:50.474106
505,Shanghai Triad (Yao a yao yao dao waipo qiao) (1995),3,2024-12-28T20:45:50.474155
506,Cutthroat Island (1995),1,2024-12-28T20:45:50.474204
507,It Takes Two (1995),5,2024-12-28T20:45:50.474252
508,"American President, The (1995)",5,2024-12-28T20:45:50.474300
509,Father of the Bride Part II (1995),5,2024-12-28T20:45:50.474355
510,Father of the Bride Part II (1995),4,2024-12-28T20:45:50.474406
511,Father of the Bride Part II (1995),5,2024-12-28T20:45:50.474455
512,Dracula: Dead and Loving It (1995),3,2024-12-28T20:45:50.474508
513,It Takes Two (1995),4,2024-12-28T20:45:50.474557
514,Father of the Bride Part II (1995),5,2024-12-28T20:45:50.474609
515,It Takes Two (1995),4,2024-12-28T20:45:50.474657
516,Father of the Bride Part II (1995),4,2024-12-28T20:45:50.474720
517,GoldenEye (1995),4,2024-12-28T20:45:50.474769
518,Father of the Bride Part II (1995),5,2024-12-28T20:45:50.474818
519,Father of the Bride Part II (1995),5,2024-12-28T20:45:50.474866
520,Father of the Bride Part II (1995),5,2024-12-28T20:45:50.474915
521,Twelve Monkeys (a.k.a. 12 Monkeys) (1995),3,2024-12-28T20:45:50.474963
522,Restoration (1995),4,2024-12-28T20:45:50.475012
523,Assassins (1995),1,2024-12-28T20:45:50.475060
524,It Takes Two (1995),5,2024-12-28T20:45:50.475109
525,It Takes Two (1995),5,2024-12-28T20:45:50.475157
526,Father of the Bride Part II (1995),4,2024-12-28T20:45:50.475216
527,Mortal Kombat (1995),1,2024-12-28T20:45:50.475265
528,Father of the Bride Part II (1995),5,2024-12-28T20:45:50.475313
529,Father of the Bride Part II (1995),4,2024-12-28T20:45:50.475372
530,It Takes Two (1995),5,2024-12-28T20:45:50.475420
531,It Takes Two (1995),5,2024-12-28T20:45:50.475469
532,It Takes Two (1995),4,2024-12-28T20:45:50.475517
533,It Takes Two (1995),4,2024-12-28T20:45:50.475565
534,Father of the Bride Part II (1995),4,2024-12-28T20:45:50.475613
535,Father of the Bride Part II (1995),4,2024-12-28T20:45:50.475667
536,Father of the Bride Part II (1995),4,2024-12-28T20:45:50.475716
537,Sabrina (1995),4,2024-12-28T20:45:50.475764
538,It Takes Two (1995),5,2024-12-28T20:45:50.475812
539,"American President, The (1995)",4,2024-12-28T20:45:50.475860
540,Father of the Bride Part II (1995),5,2024-12-28T20:45:50.475908
541,Father of the Bride Part II (1995),5,2024-12-28T20:45:50.475957
542,It Takes Two (1995),4,2024-12-28T20:45:50.476006
543,Father of the Bride Part II (1995),4,2024-12-28T20:45:50.476055
544,Sabrina (1995),4,2024-12-28T20:45:50.476104
545,It Takes Two (1995),5,2024-12-28T20:45:50.476155
546,Father of the Bride Part II (1995),5,2024-12-28T20:45:50.476204
547,It Takes Two (1995),5,2024-12-28T20:45:50.476253
548,It Takes Two (1995),4,2024-12-28T20:45:50.476302
549,It Takes Two (1995),5,2024-12-28T20:45:50.476351
550,Father of the Bride Part II (1995),4,2024-12-28T20:45:50.476400
551,Father of the Bride Part II (1995),5,2024-12-28T20:45:50.476448
552,"Usual Suspects, The (1995)",2,2024-12-28T20:45:50.476498
553,Seven (a.k.a. Se7en) (1995),2,2024-12-28T20:45:50.476546
554,Powder (1995),3,2024-12-28T20:45:50.476594
555,Father of the Bride Part II (1995),4,2024-12-28T20:45:50.476642
556,Sabrina (1995),3,2024-12-28T20:45:50.476690
557,It Takes Two (1995),5,2024-12-28T20:45:50.476738
558,Restoration (1995),4,2024-12-28T20:45:50.476786
559,It Takes Two (1995),4,2024-12-28T20:45:50.476836
560,Father of the Bride Part II (1995),5,2024-12-28T20:45:50.476887
561,Father of the Bride Part II (1995),4,2024-12-28T20:45:50.476936
562,"American President, The (1995)",4,2024-12-28T20:45:50.476985
563,Father of the Bride Part II (1995),4,2024-12-28T20:45:50.477033
564,It Takes Two (1995),5,2024-12-28T20:45:50.477081
565,"American President, The (1995)",4,2024-12-28T20:45:50.477129
566,Restoration (1995),4,2024-12-28T20:45:50.477178
567,Wings of Courage (1995),3,2024-12-28T20:45:50.477226
568,It Takes Two (1995),5,2024-12-28T20:45:50.477274
569,"Usual Suspects, The (1995)",2,2024-12-28T20:45:50.477322
570,It Takes Two (1995),5,2024-12-28T20:45:50.477370
571,Father of the Bride Part II (1995),5,2024-12-28T20:45:50.477418
572,"American President, The (1995)",4,2024-12-28T20:45:50.477467
573,It Takes Two (1995),4,2024-12-28T20:45:50.477515
574,Restoration (1995),4,2024-12-28T20:45:50.477563
575,Father of the Bride Part II (1995),4,2024-12-28T20:45:50.477611
576,It Takes Two (1995),4,2024-12-28T20:45:50.477659
577,It Takes Two (1995),5,2024-12-28T20:45:50.477707
578,Father of the Bride Part II (1995),5,2024-12-28T20:45:50.477755
579,Father of the Bride Part II (1995),5,2024-12-28T20:45:50.477803
580,It Takes Two (1995),5,2024-12-28T20:45:50.477852
581,"American President, The (1995)",4,2024-12-28T20:45:50.477899
582,Heat (1995),2,2024-12-28T20:45:50.477948
583,GoldenEye (1995),4,2024-12-28T20:45:50.478005
584,Father of the Bride Part II (1995),4,2024-12-28T20:45:50.478054
585,GoldenEye (1995),4,2024-12-28T20:45:50.478105
586,It Takes Two (1995),5,2024-12-28T20:45:50.478152
587,It Takes Two (1995),4,2024-12-28T20:45:50.478201
588,It Takes Two (1995),5,2024-12-28T20:45:50.478249
589,Copycat (1995),4,2024-12-28T20:45:50.478296
590,Othello (1995),3,2024-12-28T20:45:50.478344
591,"American President, The (1995)",4,2024-12-28T20:45:50.478392
592,Father of the Bride Part II (1995),4,2024-12-28T20:45:50.478441
593,Father of the Bride Part II (1995),4,2024-12-28T20:45:50.478489
594,Father of the Bride Part II (1995),5,2024-12-28T20:45:50.478540
595,Grumpier Old Men (1995),3,2024-12-28T20:45:50.478589
596,"American President, The (1995)",4,2024-12-28T20:45:50.478637
597,It Takes Two (1995),5,2024-12-28T20:45:50.478688
598,Father of the Bride Part II (1995),4,2024-12-28T20:45:50.478736
599,It Takes Two (1995),5,2024-12-28T20:45:50.478785
600,It Takes Two (1995),5,2024-12-28T20:45:50.478833
601,When Night Is Falling (1995),3,2024-12-28T20:45:50.478882
602,Father of the Bride Part II (1995),4,2024-12-28T20:45:50.478929
603,Father of the Bride Part II (1995),5,2024-12-28T20:45:50.478977
604,It Takes Two (1995),5,2024-12-28T20:45:50.479025
605,Father of the Bride Part II (1995),5,2024-12-28T20:45:50.479091
606,Casino (1995),4,2024-12-28T20:45:50.479140
607,It Takes Two (1995),5,2024-12-28T20:45:50.479188
608,It Takes Two (1995),5,2024-12-28T20:45:50.479236
609,Jumanji (1995),3,2024-12-28T20:45:50.479283
610,It Takes Two (1995),4,2024-12-28T20:45:50.479331
611,Nixon (1995),3,2024-12-28T20:45:50.479379
612,It Takes Two (1995),5,2024-12-28T20:45:50.479427
613,It Takes Two (1995),5,2024-12-28T20:45:50.479475
614,Father of the Bride Part II (1995),4,2024-12-28T20:45:50.479523
615,It Takes Two (1995),5,2024-12-28T20:45:50.479572
616,It Takes Two (1995),5,2024-12-28T20:45:50.479623
617,Restoration (1995),4,2024-12-28T20:45:50.479671
618,It Takes Two (1995),5,2024-12-28T20:45:50.479718
619,Father of the Bride Part II (1995),4,2024-12-28T20:45:50.479767
620,It Takes Two (1995),4,2024-12-28T20:45:50.479815
621,Father of the Bride Part II (1995),5,2024-12-28T20:45:50.479864
622,When Night Is Falling (1995),4,2024-12-28T20:45:50.479913
623,Sabrina (1995),4,2024-12-28T20:45:50.480075
624,Father of the Bride Part II (1995),5,2024-12-28T20:45:50.480155
625,It Takes Two (1995),4,2024-12-28T20:45:50.480218
626,It Takes Two (1995),5,2024-12-28T20:45:50.480276
627,Father of the Bride Part II (1995),4,2024-12-28T20:45:50.480332
628,It Takes Two (1995),4,2024-12-28T20:45:50.480386
629,It Takes Two (1995),4,2024-12-28T20:45:50.480439
630,It Takes Two (1995),5,2024-12-28T20:45:50.480500
631,Father of the Bride Part II (1995),5,2024-12-28T20:45:50.480554
632,Four Rooms (1995),3,2024-12-28T20:45:50.480606
633,Copycat (1995),4,2024-12-28T20:45:50.480660
634,Seven (a.k.a. Se7en) (1995),2,2024-12-28T20:45:50.480713
635,It Takes Two (1995),5,2024-12-28T20:45:50.480765
636,Four Rooms (1995),3,2024-12-28T20:45:50.480817
637,It Takes Two (1995),4,2024-12-28T20:45:50.480870
638,It Takes Two (1995),5,2024-12-28T20:45:50.480921
639,Shanghai Triad (Yao a yao yao dao waipo qiao) (1995),3,2024-12-28T20:45:50.480971
640,It Takes Two (1995),5,2024-12-28T20:45:50.481021
641,It Takes Two (1995),5,2024-12-28T20:45:50.481078
642,It Takes Two (1995),4,2024-12-28T20:45:50.481128
643,"American President, The (1995)",4,2024-12-28T20:45:50.481178
644,It Takes Two (1995),5,2024-12-28T20:45:50.481230
645,It Takes Two (1995),4,2024-12-28T20:45:50.481281
646,Father of the Bride Part II (1995),5,2024-12-28T20:45:50.481331
647,It Takes Two (1995),4,2024-12-28T20:45:50.481380
648,It Takes Two (1995),5,2024-12-28T20:45:50.481429
649,Casino (1995),4,2024-12-28T20:45:50.481479
650,Father of the Bride Part II (1995),5,2024-12-28T20:45:50.481528
651,Father of the Bride Part II (1995),5,2024-12-28T20:45:50.481581
652,Father of the Bride Part II (1995),4,2024-12-28T20:45:50.481630
653,It Takes Two (1995),5,2024-12-28T20:45:50.481681
654,It Takes Two (1995),5,2024-12-28T20:45:50.481730
655,When Night Is Falling (1995),4,2024-12-28T20:45:50.481779
656,Sabrina (1995),4,2024-12-28T20:45:50.481828
657,Father of the Bride Part II (1995),5,2024-12-28T20:45:50.481877
658,It Takes Two (1995),5,2024-12-28T20:45:50.481926
659,It Takes Two (1995),4,2024-12-28T20:45:50.481972
660,Father of the Bride Part II (1995),4,2024-12-28T20:45:50.482017
661,Father of the Bride Part II (1995),5,2024-12-28T20:45:50.482066
662,It Takes Two (1995),5,2024-12-28T20:45:50.482111
663,It Takes Two (1995),4,2024-12-28T20:45:50.482157
664,Sabrina (1995),5,2024-12-28T20:45:50.482202
665,It Takes Two (1995),5,2024-12-28T20:45:50.482247
666,Pocahontas (1995),4,2024-12-28T20:45:50.482292
667,It Takes Two (1995),4,2024-12-28T20:45:50.482337
668,Father of the Bride Part II (1995),5,2024-12-28T20:45:50.482381
669,It Takes Two (1995),5,2024-12-28T20:45:50.482426
670,It Takes Two (1995),5,2024-12-28T20:45:50.482471
671,Restoration (1995),5,2024-12-28T20:45:50.482516
672,It Takes Two (1995),4,2024-12-28T20:45:50.482561
673,Father of the Bride Part II (1995),5,2024-12-28T20:45:50.482606
674,It Takes Two (1995),4,2024-12-28T20:45:50.482655
675,It Takes Two (1995),5,2024-12-28T20:45:50.482699
676,It Takes Two (1995),4,2024-12-28T20:45:50.482744
677,It Takes Two (1995),5,2024-12-28T20:45:50.482788
678,It Takes Two (1995),5,2024-12-28T20:45:50.482833
679,Father of the Bride Part II (1995),5,2024-12-28T20:45:50.482878
680,Othello (1995),3,2024-12-28T20:45:50.482922
681,It Takes Two (1995),5,2024-12-28T20:45:50.482967
682,It Takes Two (1995),5,2024-12-28T20:45:50.483012
683,GoldenEye (1995),4,2024-12-28T20:45:50.483056
684,It Takes Two (1995),4,2024-12-28T20:45:50.483101
685,Father of the Bride Part II (1995),5,2024-12-28T20:45:50.483145
686,Tom and Huck (1995),2,2024-12-28T20:45:50.483193
687,GoldenEye (1995),3,2024-12-28T20:45:50.483237
688,"American President, The (1995)",4,2024-12-28T20:45:50.483282
689,Father of the Bride Part II (1995),5,2024-12-28T20:45:50.483327
690,Across the Sea of Time (1995),2,2024-12-28T20:45:50.483371
691,It Takes Two (1995),4,2024-12-28T20:45:50.483422
692,Father of the Bride Part II (1995),5,2024-12-28T20:45:50.483467
693,Father of the Bride Part II (1995),5,2024-12-28T20:45:50.483513
694,Father of the Bride Part II (1995),5,2024-12-28T20:45:50.483559
695,Father of the Bride Part II (1995),4,2024-12-28T20:45:50.483605
696,It Takes Two (1995),4,2024-12-28T20:45:50.483650
697,Father of the Bride Part II (1995),5,2024-12-28T20:45:50.483695
698,Father of the Bride Part II (1995),5,2024-12-28T20:45:50.483740
699,Father of the Bride Part II (1995),5,2024-12-28T20:45:50.483784
700,Father of the Bride Part II (1995),5,2024-12-28T20:45:50.483830
701,Father of the Bride Part II (1995),5,2024-12-28T20:45:50.483874
702,Ace Ventura: When Nature Calls (1995),2,2024-12-28T20:45:50.483919
703,It Takes Two (1995),5,2024-12-28T20:45:50.483963
704,It Takes Two (1995),4,2024-12-28T20:45:50.484008
705,It Takes Two (1995),4,2024-12-28T20:45:50.484053
706,Father of the Bride Part II (1995),4,2024-12-28T20:45:50.484098
707,Father of the Bride Part II (1995),5,2024-12-28T20:45:50.484142
708,Father of the Bride Part II (1995),4,2024-12-28T20:45:50.484187
709,Grumpier Old Men (1995),3,2024-12-28T20:45:50.484232
710,Restoration (1995),5,2024-12-28T20:45:50.484277
711,Father of the Bride Part II (1995),5,2024-12-28T20:45:50.484322
712,Restoration (1995),4,2024-12-28T20:45:50.484367
713,It Takes Two (1995),4,2024-12-28T20:45:50.484412
714,It Takes Two (1995),5,2024-12-28T20:45:50.484457
715,"American President, The (1995)",4,2024-12-28T20:45:50.484502
716,It Takes Two (1995),5,2024-12-28T20:45:50.484548
717,It Takes Two (1995),4,2024-12-28T20:45:50.484594
718,It Takes Two (1995),5,2024-12-28T20:45:50.484640
719,It Takes Two (1995),4,2024-12-28T20:45:50.484685
720,Four Rooms (1995),2,2024-12-28T20:45:50.484729
721,Dracula: Dead and Loving It (1995),2,2024-12-28T20:45:50.484774
722,It Takes Two (1995),5,2024-12-28T20:45:50.484819
723,Father of the Bride Part II (1995),5,2024-12-28T20:45:50.484864
724,Restoration (1995),4,2024-12-28T20:45:50.484914
725,Money Train (1995),3,2024-12-28T20:45:50.484961
726,Father of the Bride Part II (1995),5,2024-12-28T20:45:50.485006
727,It Takes Two (1995),5,2024-12-28T20:45:50.485050
728,Carrington (1995),2,2024-12-28T20:45:50.485095
729,Father of the Bride Part II (1995),5,2024-12-28T20:45:50.485139
730,Father of the Bride Part II (1995),5,2024-12-28T20:45:50.485183
731,Restoration (1995),4,2024-12-28T20:45:50.485228
732,Father of the Bride Part II (1995),5,2024-12-28T20:45:50.485273
733,Father of the Bride Part II (1995),4,2024-12-28T20:45:50.485318
734,Father of the Bride Part II (1995),4,2024-12-28T20:45:50.485362
735,Grumpier Old Men (1995),4,2024-12-28T20:45:50.485406
736,It Takes Two (1995),5,2024-12-28T20:45:50.485451
737,Father of the Bride Part II (1995),5,2024-12-28T20:45:50.485496
738,It Takes Two (1995),5,2024-12-28T20:45:50.485540
739,It Takes Two (1995),5,2024-12-28T20:45:50.485585
740,It Takes Two (1995),4,2024-12-28T20:45:50.485629
741,It Takes Two (1995),5,2024-12-28T20:45:50.485677
742,It Takes Two (1995),5,2024-12-28T20:45:50.485721
743,Father of the Bride Part II (1995),4,2024-12-28T20:45:50.485766
744,It Takes Two (1995),4,2024-12-28T20:45:50.485820
745,Father of the Bride Part II (1995),5,2024-12-28T20:45:50.485882
746,Father of the Bride Part II (1995),5,2024-12-28T20:45:50.485938
747,Father of the Bride Part II (1995),5,2024-12-28T20:45:50.485983
748,It Takes Two (1995),5,2024-12-28T20:45:50.486028
749,It Takes Two (1995),5,2024-12-28T20:45:50.486074
750,It Takes Two (1995),5,2024-12-28T20:45:50.486118
751,It Takes Two (1995),4,2024-12-28T20:45:50.486166
752,Father of the Bride Part II (1995),4,2024-12-28T20:45:50.486218
753,Father of the Bride Part II (1995),5,2024-12-28T20:45:50.486264
754,Father of the Bride Part II (1995),4,2024-12-28T20:45:50.486308
755,It Takes Two (1995),4,2024-12-28T20:45:50.486353
756,Father of the Bride Part II (1995),4,2024-12-28T20:45:50.486399
757,Father of the Bride Part II (1995),5,2024-12-28T20:45:50.486445
758,Othello (1995),3,2024-12-28T20:45:50.486490
759,It Takes Two (1995),4,2024-12-28T20:45:50.486535
760,It Takes Two (1995),5,2024-12-28T20:45:50.486628
761,It Takes Two (1995),5,2024-12-28T20:45:50.486689
762,Sense and Sensibility (1995),2,2024-12-28T20:45:50.486745
763,It Takes Two (1995),4,2024-12-28T20:45:50.486797
764,Father of the Bride Part II (1995),5,2024-12-28T20:45:50.486846
765,Restoration (1995),5,2024-12-28T20:45:50.486893
766,Father of the Bride Part II (1995),5,2024-12-28T20:45:50.486955
767,Father of the Bride Part II (1995),5,2024-12-28T20:45:50.487002
768,It Takes Two (1995),4,2024-12-28T20:45:50.487048
769,Pocahontas (1995),4,2024-12-28T20:45:50.487093
770,It Takes Two (1995),5,2024-12-28T20:45:50.487150
771,Restoration (1995),4,2024-12-28T20:45:50.487196
772,Othello (1995),3,2024-12-28T20:45:50.487279
773,Sudden Death (1995),3,2024-12-28T20:45:50.487335
774,Father of the Bride Part II (1995),4,2024-12-28T20:45:50.487384
775,It Takes Two (1995),5,2024-12-28T20:45:50.487431
776,Father of the Bride Part II (1995),5,2024-12-28T20:45:50.487477
777,Wings of Courage (1995),4,2024-12-28T20:45:50.487523
778,GoldenEye (1995),4,2024-12-28T20:45:50.487569
779,Father of the Bride Part II (1995),5,2024-12-28T20:45:50.487614
780,Copycat (1995),4,2024-12-28T20:45:50.487659
781,Restoration (1995),4,2024-12-28T20:45:50.487705
782,Father of the Bride Part II (1995),5,2024-12-28T20:45:50.487750
783,It Takes Two (1995),5,2024-12-28T20:45:50.487795
784,Father of the Bride Part II (1995),5,2024-12-28T20:45:50.487841
785,Powder (1995),4,2024-12-28T20:45:50.487887
786,It Takes Two (1995),5,2024-12-28T20:45:50.487932
787,It Takes Two (1995),5,2024-12-28T20:45:50.487978
788,Father of the Bride Part II (1995),5,2024-12-28T20:45:50.488024
789,It Takes Two (1995),4,2024-12-28T20:45:50.488068
790,Father of the Bride Part II (1995),5,2024-12-28T20:45:50.488113
791,Casino (1995),3,2024-12-28T20:45:50.488162
792,It Takes Two (1995),5,2024-12-28T20:45:50.488207
793,Father of the Bride Part II (1995),5,2024-12-28T20:45:50.488257
794,It Takes Two (1995),5,2024-12-28T20:45:50.488304
795,Father of the Bride Part II (1995),4,2024-12-28T20:45:50.488350
796,Father of the Bride Part II (1995),5,2024-12-28T20:45:50.488395
797,"American President, The (1995)",5,2024-12-28T20:45:50.488440
798,Father of the Bride Part II (1995),4,2024-12-28T20:45:50.488485
799,It Takes Two (1995),5,2024-12-28T20:45:50.488531
800,Father of the Bride Part II (1995),5,2024-12-28T20:45:50.488577
801,It Takes Two (1995),4,2024-12-28T20:45:50.488622
802,Father of the Bride Part II (1995),5,2024-12-28T20:45:50.488667
803,It Takes Two (1995),5,2024-12-28T20:45:50.488712
804,Father of the Bride Part II (1995),5,2024-12-28T20:45:50.488757
805,Father of the Bride Part II (1995),4,2024-12-28T20:45:50.488802
806,Father of the Bride Part II (1995),5,2024-12-28T20:45:50.488847
807,Now and Then (1995),4,2024-12-28T20:45:50.488893
808,"American President, The (1995)",5,2024-12-28T20:45:50.488937
809,It Takes Two (1995),4,2024-12-28T20:45:50.488982
810,It Takes Two (1995),5,2024-12-28T20:45:50.489027
811,It Takes Two (1995),5,2024-12-28T20:45:50.489072
812,Father of the Bride Part II (1995),4,2024-12-28T20:45:50.489116
813,Father of the Bride Part II (1995),5,2024-12-28T20:45:50.489161
814,Father of the Bride Part II (1995),4,2024-12-28T20:45:50.489206
815,It Takes Two (1995),5,2024-12-28T20:45:50.489251
816,It Takes Two (1995),5,2024-12-28T20:45:50.489298
817,It Takes Two (1995),5,2024-12-28T20:45:50.489344
818,Father of the Bride Part II (1995),5,2024-12-28T20:45:50.489392
819,Restoration (1995),4,2024-12-28T20:45:50.489437
820,It Takes Two (1995),5,2024-12-28T20:45:50.489481
821,It Takes Two (1995),4,2024-12-28T20:45:50.489526
822,Father of the Bride Part II (1995),5,2024-12-28T20:45:50.489571
823,Father of the Bride Part II (1995),4,2024-12-28T20:45:50.489616
824,It Takes Two (1995),5,2024-12-28T20:45:50.489661
825,It Takes Two (1995),5,2024-12-28T20:45:50.489705
826,Father of the Bride Part II (1995),5,2024-12-28T20:45:50.489750
827,"American President, The (1995)",4,2024-12-28T20:45:50.489794
828,It Takes Two (1995),5,2024-12-28T20:45:50.489839
829,It Takes Two (1995),5,2024-12-28T20:45:50.489883
830,It Takes Two (1995),5,2024-12-28T20:45:50.489930
831,Father of the Bride Part II (1995),5,2024-12-28T20:45:50.489974
832,It Takes Two (1995),5,2024-12-28T20:45:50.490024
833,GoldenEye (1995),4,2024-12-28T20:45:50.490069
834,It Takes Two (1995),5,2024-12-28T20:45:50.490113
835,Father of the Bride Part II (1995),4,2024-12-28T20:45:50.490158
836,It Takes Two (1995),5,2024-12-28T20:45:50.490202
837,It Takes Two (1995),4,2024-12-28T20:45:50.490247
838,Father of the Bride Part II (1995),4,2024-12-28T20:45:50.490292
839,Now and Then (1995),3,2024-12-28T20:45:50.490336
840,It Takes Two (1995),5,2024-12-28T20:45:50.490381
841,It Takes Two (1995),5,2024-12-28T20:45:50.490426
842,It Takes Two (1995),4,2024-12-28T20:45:50.490471
843,It Takes Two (1995),4,2024-12-28T20:45:50.490515
844,It Takes Two (1995),4,2024-12-28T20:45:50.490561
845,It Takes Two (1995),4,2024-12-28T20:45:50.490606
846,Father of the Bride Part II (1995),5,2024-12-28T20:45:50.490650
847,Father of the Bride Part II (1995),5,2024-12-28T20:45:50.490695
848,It Takes Two (1995),4,2024-12-28T20:45:50.490739
849,Wings of Courage (1995),3,2024-12-28T20:45:50.490784
850,It Takes Two (1995),5,2024-12-28T20:45:50.490833
851,Father of the Bride Part II (1995),4,2024-12-28T20:45:50.490878
852,It Takes Two (1995),4,2024-12-28T20:45:50.490923
853,Father of the Bride Part II (1995),5,2024-12-28T20:45:50.490968
854,Father of the Bride Part II (1995),5,2024-12-28T20:45:50.491013
855,Father of the Bride Part II (1995),4,2024-12-28T20:45:50.491057
856,It Takes Two (1995),4,2024-12-28T20:45:50.491101
857,"American President, The (1995)",4,2024-12-28T20:45:50.491146
858,Father of the Bride Part II (1995),5,2024-12-28T20:45:50.491200
859,It Takes Two (1995),5,2024-12-28T20:45:50.491245
860,Father of the Bride Part II (1995),5,2024-12-28T20:45:50.491288
861,Father of the Bride Part II (1995),5,2024-12-28T20:45:50.491336
862,Father of the Bride Part II (1995),5,2024-12-28T20:45:50.491384
863,It Takes Two (1995),4,2024-12-28T20:45:50.491428
864,Father of the Bride Part II (1995),5,2024-12-28T20:45:50.491473
865,Father of the Bride Part II (1995),5,2024-12-28T20:45:50.491517
866,Father of the Bride Part II (1995),5,2024-12-28T20:45:50.491562
867,Father of the Bride Part II (1995),4,2024-12-28T20:45:50.491607
868,Sabrina (1995),3,2024-12-28T20:45:50.491651
869,How to Make an American Quilt (1995),4,2024-12-28T20:45:50.491696
870,Father of the Bride Part II (1995),5,2024-12-28T20:45:50.491741
871,Father of the Bride Part II (1995),5,2024-12-28T20:45:50.491785
872,Pocahontas (1995),4,2024-12-28T20:45:50.491830
873,It Takes Two (1995),5,2024-12-28T20:45:50.491874
874,It Takes Two (1995),5,2024-12-28T20:45:50.491919
875,It Takes Two (1995),5,2024-12-28T20:45:50.491963
876,Father of the Bride Part II (1995),5,2024-12-28T20:45:50.492008
877,It Takes Two (1995),5,2024-12-28T20:45:50.492053
878,It Takes Two (1995),4,2024-12-28T20:45:50.492097
879,It Takes Two (1995),5,2024-12-28T20:45:50.492141
880,Father of the Bride Part II (1995),5,2024-12-28T20:45:50.492186
881,Father of the Bride Part II (1995),4,2024-12-28T20:45:50.492231
882,It Takes Two (1995),5,2024-12-28T20:45:50.492276
883,Father of the Bride Part II (1995),5,2024-12-28T20:45:50.492321
884,Father of the Bride Part II (1995),5,2024-12-28T20:45:50.492365
885,Father of the Bride Part II (1995),5,2024-12-28T20:45:50.492411
886,It Takes Two (1995),5,2024-12-28T20:45:50.492464
887,Father of the Bride Part II (1995),5,2024-12-28T20:45:50.492510
888,Father of the Bride Part II (1995),4,2024-12-28T20:45:50.492556
889,Father of the Bride Part II (1995),5,2024-12-28T20:45:50.492602
890,It Takes Two (1995),5,2024-12-28T20:45:50.492648
891,It Takes Two (1995),5,2024-12-28T20:45:50.492692
892,Father of the Bride Part II (1995),5,2024-12-28T20:45:50.492737
893,It Takes Two (1995),4,2024-12-28T20:45:50.492782
894,It Takes Two (1995),5,2024-12-28T20:45:50.492827
895,Father of the Bride Part II (1995),5,2024-12-28T20:45:50.492871
896,Father of the Bride Part II (1995),4,2024-12-28T20:45:50.492916
897,Father of the Bride Part II (1995),5,2024-12-28T20:45:50.492960
898,Father of the Bride Part II (1995),5,2024-12-28T20:45:50.493004
899,Father of the Bride Part II (1995),4,2024-12-28T20:45:50.493049
900,It Takes Two (1995),5,2024-12-28T20:45:50.493094
901,"American President, The (1995)",5,2024-12-28T20:45:50.493138
902,Father of the Bride Part II (1995),5,2024-12-28T20:45:50.493182
903,Father of the Bride Part II (1995),4,2024-12-28T20:45:50.493227
904,When Night Is Falling (1995),4,2024-12-28T20:45:50.493320
905,It Takes Two (1995),5,2024-12-28T20:45:50.493432
906,It Takes Two (1995),5,2024-12-28T20:45:50.493499
907,Father of the Bride Part II (1995),5,2024-12-28T20:45:50.493555
908,It Takes Two (1995),5,2024-12-28T20:45:50.493608
909,It Takes Two (1995),5,2024-12-28T20:45:50.493658
910,It Takes Two (1995),5,2024-12-28T20:45:50.493707
911,It Takes Two (1995),4,2024-12-28T20:45:50.493755
912,Father of the Bride Part II (1995),4,2024-12-28T20:45:50.493799
913,It Takes Two (1995),5,2024-12-28T20:45:50.493860
914,It Takes Two (1995),5,2024-12-28T20:45:50.493904
915,Father of the Bride Part II (1995),5,2024-12-28T20:45:50.493946
916,Father of the Bride Part II (1995),4,2024-12-28T20:45:50.493988
917,Father of the Bride Part II (1995),5,2024-12-28T20:45:50.494031
918,Father of the Bride Part II (1995),5,2024-12-28T20:45:50.494073
919,It Takes Two (1995),4,2024-12-28T20:45:50.494116
920,It Takes Two (1995),4,2024-12-28T20:45:50.494157
921,Father of the Bride Part II (1995),4,2024-12-28T20:45:50.494199
922,Copycat (1995),3,2024-12-28T20:45:50.494241
923,Father of the Bride Part II (1995),4,2024-12-28T20:45:50.494283
924,It Takes Two (1995),4,2024-12-28T20:45:50.494325
925,Father of the Bride Part II (1995),5,2024-12-28T20:45:50.494367
926,"City of Lost Children, The (Cité des enfants perdus, La) (1995)",3,2024-12-28T20:45:50.494408
927,Waiting to Exhale (1995),2,2024-12-28T20:45:50.494456
928,Father of the Bride Part II (1995),5,2024-12-28T20:45:50.494498
929,It Takes Two (1995),5,2024-12-28T20:45:50.494539
930,Father of the Bride Part II (1995),5,2024-12-28T20:45:50.494581
931,Father of the Bride Part II (1995),5,2024-12-28T20:45:50.494623
932,Father of the Bride Part II (1995),5,2024-12-28T20:45:50.494665
933,Father of the Bride Part II (1995),4,2024-12-28T20:45:50.494706
934,It Takes Two (1995),5,2024-12-28T20:45:50.494748
935,Father of the Bride Part II (1995),4,2024-12-28T20:45:50.494789
936,GoldenEye (1995),4,2024-12-28T20:45:50.494830
937,"American President, The (1995)",5,2024-12-28T20:45:50.494872
938,Father of the Bride Part II (1995),5,2024-12-28T20:45:50.494913
939,Father of the Bride Part II (1995),5,2024-12-28T20:45:50.494954
940,Father of the Bride Part II (1995),5,2024-12-28T20:45:50.494996
941,Father of the Bride Part II (1995),5,2024-12-28T20:45:50.495037
942,It Takes Two (1995),5,2024-12-28T20:45:50.495081
943,Father of the Bride Part II (1995),5,2024-12-28T20:45:50.495123
944,It Takes Two (1995),5,2024-12-28T20:45:50.495166
945,It Takes Two (1995),5,2024-12-28T20:45:50.495209
946,It Takes Two (1995),5,2024-12-28T20:45:50.495250
947,"Cry, the Beloved Country (1995)",1,2024-12-28T20:45:50.495292
948,Father of the Bride Part II (1995),4,2024-12-28T20:45:50.495332
949,Father of the Bride Part II (1995),5,2024-12-28T20:45:50.495374
950,It Takes Two (1995),5,2024-12-28T20:45:50.495416
951,It Takes Two (1995),5,2024-12-28T20:45:50.495457
952,Father of the Bride Part II (1995),5,2024-12-28T20:45:50.495498
953,Father of the Bride Part II (1995),4,2024-12-28T20:45:50.495539
954,It Takes Two (1995),4,2024-12-28T20:45:50.495580
955,It Takes Two (1995),5,2024-12-28T20:45:50.495621
956,It Takes Two (1995),5,2024-12-28T20:45:50.495662
957,It Takes Two (1995),5,2024-12-28T20:45:50.495703
958,It Takes Two (1995),5,2024-12-28T20:45:50.495745
959,It Takes Two (1995),5,2024-12-28T20:45:50.495786
960,Father of the Bride Part II (1995),5,2024-12-28T20:45:50.495827
961,It Takes Two (1995),5,2024-12-28T20:45:50.495869
962,Father of the Bride Part II (1995),5,2024-12-28T20:45:50.495910
963,"American President, The (1995)",5,2024-12-28T20:45:50.495951
964,Father of the Bride Part II (1995),5,2024-12-28T20:45:50.495992
965,It Takes Two (1995),4,2024-12-28T20:45:50.496033
966,It Takes Two (1995),5,2024-12-28T20:45:50.496075
967,It Takes Two (1995),5,2024-12-28T20:45:50.496117
968,Father of the Bride Part II (1995),5,2024-12-28T20:45:50.496159
969,It Takes Two (1995),4,2024-12-28T20:45:50.496201
970,It Takes Two (1995),4,2024-12-28T20:45:50.496243
971,Father of the Bride Part II (1995),5,2024-12-28T20:45:50.496284
972,Father of the Bride Part II (1995),5,2024-12-28T20:45:50.496326
973,It Takes Two (1995),4,2024-12-28T20:45:50.496372
974,It Takes Two (1995),5,2024-12-28T20:45:50.496415
975,It Takes Two (1995),5,2024-12-28T20:45:50.496456
976,It Takes Two (1995),5,2024-12-28T20:45:50.496498
977,It Takes Two (1995),5,2024-12-28T20:45:50.496540
978,It Takes Two (1995),5,2024-12-28T20:45:50.496581
979,Father of the Bride Part II (1995),4,2024-12-28T20:45:50.496622
980,Carrington (1995),2,2024-12-28T20:45:50.496663
981,It Takes Two (1995),5,2024-12-28T20:45:50.496705
982,It Takes Two (1995),5,2024-12-28T20:45:50.496746
983,It Takes Two (1995),4,2024-12-28T20:45:50.496787
984,Father of the Bride Part II (1995),5,2024-12-28T20:45:50.496828
985,It Takes Two (1995),5,2024-12-28T20:45:50.496869
986,Father of the Bride Part II (1995),5,2024-12-28T20:45:50.496910
987,It Takes Two (1995),5,2024-12-28T20:45:50.496951
988,Father of the Bride Part II (1995),5,2024-12-28T20:45:50.496992
989,It Takes Two (1995),4,2024-12-28T20:45:50.497034
990,Father of the Bride Part II (1995),5,2024-12-28T20:45:50.497075
991,It Takes Two (1995),5,2024-12-28T20:45:50.497118
992,Father of the Bride Part II (1995),5,2024-12-28T20:45:50.497160
993,Father of the Bride Part II (1995),4,2024-12-28T20:45:50.497201
994,Father of the Bride Part II (1995),4,2024-12-28T20:45:50.497243
995,Father of the Bride Part II (1995),5,2024-12-28T20:45:50.497285
996,It Takes Two (1995),5,2024-12-28T20:45:50.497326
997,It Takes Two (1995),4,2024-12-28T20:45:50.497367
998,Wings of Courage (1995),3,2024-12-28T20:45:50.497408
999,It Takes Two (1995),5,2024-12-28T20:45:50.497449
1000,It Takes Two (1995),5,2024-12-28T20:45:50.497491
